--
-- PostgreSQL database dump
--

\restrict Dak2gYY5RM7vlLcnlfaoaM9oXIL0fQMyFQzAUbWOEF6OlVTNyXPdhLq8JeEawpl

-- Dumped from database version 18.1
-- Dumped by pg_dump version 18.1

-- Started on 2026-04-26 14:49:18

SET statement_timeout = 0;
SET lock_timeout = 0;
SET idle_in_transaction_session_timeout = 0;
SET transaction_timeout = 0;
SET client_encoding = 'UTF8';
SET standard_conforming_strings = on;
SELECT pg_catalog.set_config('search_path', '', false);
SET check_function_bodies = false;
SET xmloption = content;
SET client_min_messages = warning;
SET row_security = off;

--
-- TOC entry 4 (class 2615 OID 2200)
-- Name: public; Type: SCHEMA; Schema: -; Owner: pg_database_owner
--

CREATE SCHEMA public;


ALTER SCHEMA public OWNER TO pg_database_owner;

--
-- TOC entry 5122 (class 0 OID 0)
-- Dependencies: 4
-- Name: SCHEMA public; Type: COMMENT; Schema: -; Owner: pg_database_owner
--

COMMENT ON SCHEMA public IS 'standard public schema';


SET default_tablespace = '';

SET default_table_access_method = heap;

--
-- TOC entry 235 (class 1259 OID 18924)
-- Name: Admins; Type: TABLE; Schema: public; Owner: postgres
--

CREATE TABLE public."Admins" (
    "Id" uuid NOT NULL,
    "UserId" uuid NOT NULL
);


ALTER TABLE public."Admins" OWNER TO postgres;

--
-- TOC entry 233 (class 1259 OID 18874)
-- Name: AspNetRoleClaims; Type: TABLE; Schema: public; Owner: postgres
--

CREATE TABLE public."AspNetRoleClaims" (
    "Id" integer NOT NULL,
    "RoleId" uuid NOT NULL,
    "ClaimType" text,
    "ClaimValue" text
);


ALTER TABLE public."AspNetRoleClaims" OWNER TO postgres;

--
-- TOC entry 232 (class 1259 OID 18873)
-- Name: AspNetRoleClaims_Id_seq; Type: SEQUENCE; Schema: public; Owner: postgres
--

ALTER TABLE public."AspNetRoleClaims" ALTER COLUMN "Id" ADD GENERATED BY DEFAULT AS IDENTITY (
    SEQUENCE NAME public."AspNetRoleClaims_Id_seq"
    START WITH 1
    INCREMENT BY 1
    NO MINVALUE
    NO MAXVALUE
    CACHE 1
);


--
-- TOC entry 227 (class 1259 OID 18820)
-- Name: AspNetRoles; Type: TABLE; Schema: public; Owner: postgres
--

CREATE TABLE public."AspNetRoles" (
    "Id" uuid NOT NULL,
    "Name" character varying(256),
    "NormalizedName" character varying(256),
    "ConcurrencyStamp" text
);


ALTER TABLE public."AspNetRoles" OWNER TO postgres;

--
-- TOC entry 229 (class 1259 OID 18829)
-- Name: AspNetUserClaims; Type: TABLE; Schema: public; Owner: postgres
--

CREATE TABLE public."AspNetUserClaims" (
    "Id" integer NOT NULL,
    "UserId" uuid NOT NULL,
    "ClaimType" text,
    "ClaimValue" text
);


ALTER TABLE public."AspNetUserClaims" OWNER TO postgres;

--
-- TOC entry 228 (class 1259 OID 18828)
-- Name: AspNetUserClaims_Id_seq; Type: SEQUENCE; Schema: public; Owner: postgres
--

ALTER TABLE public."AspNetUserClaims" ALTER COLUMN "Id" ADD GENERATED BY DEFAULT AS IDENTITY (
    SEQUENCE NAME public."AspNetUserClaims_Id_seq"
    START WITH 1
    INCREMENT BY 1
    NO MINVALUE
    NO MAXVALUE
    CACHE 1
);


--
-- TOC entry 230 (class 1259 OID 18843)
-- Name: AspNetUserLogins; Type: TABLE; Schema: public; Owner: postgres
--

CREATE TABLE public."AspNetUserLogins" (
    "LoginProvider" text NOT NULL,
    "ProviderKey" text NOT NULL,
    "ProviderDisplayName" text,
    "UserId" uuid NOT NULL
);


ALTER TABLE public."AspNetUserLogins" OWNER TO postgres;

--
-- TOC entry 234 (class 1259 OID 18888)
-- Name: AspNetUserRoles; Type: TABLE; Schema: public; Owner: postgres
--

CREATE TABLE public."AspNetUserRoles" (
    "UserId" uuid NOT NULL,
    "RoleId" uuid NOT NULL
);


ALTER TABLE public."AspNetUserRoles" OWNER TO postgres;

--
-- TOC entry 231 (class 1259 OID 18858)
-- Name: AspNetUserTokens; Type: TABLE; Schema: public; Owner: postgres
--

CREATE TABLE public."AspNetUserTokens" (
    "UserId" uuid NOT NULL,
    "LoginProvider" text NOT NULL,
    "Name" text NOT NULL,
    "Value" text
);


ALTER TABLE public."AspNetUserTokens" OWNER TO postgres;

--
-- TOC entry 220 (class 1259 OID 18652)
-- Name: AspNetUsers; Type: TABLE; Schema: public; Owner: postgres
--

CREATE TABLE public."AspNetUsers" (
    "Id" uuid CONSTRAINT "ApplicationUsers_Id_not_null" NOT NULL,
    "Email" character varying(256),
    "PasswordHash" text,
    "Name" text CONSTRAINT "ApplicationUsers_Name_not_null" NOT NULL,
    "Surname" text CONSTRAINT "ApplicationUsers_Surname_not_null" NOT NULL,
    "AccessFailedCount" integer DEFAULT 0 NOT NULL,
    "AuthProvider" text,
    "ConcurrencyStamp" text,
    "EmailConfirmed" boolean DEFAULT false NOT NULL,
    "LockoutEnabled" boolean DEFAULT false NOT NULL,
    "LockoutEnd" timestamp with time zone,
    "NormalizedEmail" character varying(256),
    "NormalizedUserName" character varying(256),
    "PhoneNumber" text,
    "PhoneNumberConfirmed" boolean DEFAULT false NOT NULL,
    "ProviderId" text,
    "SecurityStamp" text,
    "TwoFactorEnabled" boolean DEFAULT false NOT NULL,
    "UserName" character varying(256),
    "Photo" text
);


ALTER TABLE public."AspNetUsers" OWNER TO postgres;

--
-- TOC entry 226 (class 1259 OID 18745)
-- Name: Bookings; Type: TABLE; Schema: public; Owner: postgres
--

CREATE TABLE public."Bookings" (
    "Id" uuid NOT NULL,
    "LessonId" uuid NOT NULL,
    "StudentId" uuid NOT NULL,
    "AvailabilityId" uuid NOT NULL,
    "CreatedAt" timestamp with time zone NOT NULL,
    "Used" boolean DEFAULT false NOT NULL,
    "SeatNumber" integer DEFAULT 0 NOT NULL
);


ALTER TABLE public."Bookings" OWNER TO postgres;

--
-- TOC entry 236 (class 1259 OID 18940)
-- Name: EntryLogs; Type: TABLE; Schema: public; Owner: postgres
--

CREATE TABLE public."EntryLogs" (
    "Id" uuid NOT NULL,
    "UserId" uuid NOT NULL,
    "BookingId" uuid NOT NULL,
    "EntryTime" timestamp with time zone NOT NULL
);


ALTER TABLE public."EntryLogs" OWNER TO postgres;

--
-- TOC entry 224 (class 1259 OID 18703)
-- Name: Lessons; Type: TABLE; Schema: public; Owner: postgres
--

CREATE TABLE public."Lessons" (
    "Id" uuid NOT NULL,
    "ProfessorId" uuid NOT NULL,
    "LevelId" uuid NOT NULL,
    "DurationMinutes" integer NOT NULL,
    "MaxSeats" integer NOT NULL,
    "Name" text DEFAULT ''::text CONSTRAINT "Lessons_LessonName_not_null" NOT NULL,
    "Description" text DEFAULT ''::text NOT NULL,
    "LessonPhoto" text
);


ALTER TABLE public."Lessons" OWNER TO postgres;

--
-- TOC entry 223 (class 1259 OID 18688)
-- Name: Levels; Type: TABLE; Schema: public; Owner: postgres
--

CREATE TABLE public."Levels" (
    "Id" uuid NOT NULL,
    "Name" text NOT NULL,
    "Description" text,
    "Price" numeric NOT NULL,
    "ProfessorId" uuid
);


ALTER TABLE public."Levels" OWNER TO postgres;

--
-- TOC entry 225 (class 1259 OID 18723)
-- Name: ProfessorAvailabilities; Type: TABLE; Schema: public; Owner: postgres
--

CREATE TABLE public."ProfessorAvailabilities" (
    "Id" uuid NOT NULL,
    "ProfessorId" uuid NOT NULL,
    "LessonId" uuid NOT NULL,
    "Date" timestamp with time zone NOT NULL,
    "StartTime" timestamp with time zone NOT NULL,
    "EndTime" timestamp with time zone NOT NULL,
    "BookedSeats" integer DEFAULT 0 NOT NULL
);


ALTER TABLE public."ProfessorAvailabilities" OWNER TO postgres;

--
-- TOC entry 221 (class 1259 OID 18664)
-- Name: Professors; Type: TABLE; Schema: public; Owner: postgres
--

CREATE TABLE public."Professors" (
    "Id" uuid NOT NULL,
    "UserId" uuid NOT NULL
);


ALTER TABLE public."Professors" OWNER TO postgres;

--
-- TOC entry 222 (class 1259 OID 18676)
-- Name: Students; Type: TABLE; Schema: public; Owner: postgres
--

CREATE TABLE public."Students" (
    "Id" uuid NOT NULL,
    "UserId" uuid NOT NULL
);


ALTER TABLE public."Students" OWNER TO postgres;

--
-- TOC entry 219 (class 1259 OID 18645)
-- Name: __EFMigrationsHistory; Type: TABLE; Schema: public; Owner: postgres
--

CREATE TABLE public."__EFMigrationsHistory" (
    "MigrationId" character varying(150) NOT NULL,
    "ProductVersion" character varying(32) NOT NULL
);


ALTER TABLE public."__EFMigrationsHistory" OWNER TO postgres;

--
-- TOC entry 5115 (class 0 OID 18924)
-- Dependencies: 235
-- Data for Name: Admins; Type: TABLE DATA; Schema: public; Owner: postgres
--

INSERT INTO public."Admins" VALUES ('7ec6ace0-2280-4045-b900-c0aaad391833', '282575ee-af84-462e-ab30-4fd62d2329c8');
INSERT INTO public."Admins" VALUES ('35536c4f-b763-49b4-b0c0-e1ecc21c3206', '42fe4efb-291f-4742-ad12-03727e52ead2');


--
-- TOC entry 5113 (class 0 OID 18874)
-- Dependencies: 233
-- Data for Name: AspNetRoleClaims; Type: TABLE DATA; Schema: public; Owner: postgres
--



--
-- TOC entry 5107 (class 0 OID 18820)
-- Dependencies: 227
-- Data for Name: AspNetRoles; Type: TABLE DATA; Schema: public; Owner: postgres
--

INSERT INTO public."AspNetRoles" VALUES ('73319fc7-ba59-4e87-a6ff-a98375ed0053', 'Student', 'STUDENT', NULL);
INSERT INTO public."AspNetRoles" VALUES ('841f639c-1b72-4276-be65-9e7ab05e0b2e', 'Professor', 'PROFESSOR', NULL);
INSERT INTO public."AspNetRoles" VALUES ('f7574db5-c756-4ff3-ba3d-d9df292ca2c7', 'Admin', 'ADMIN', NULL);


--
-- TOC entry 5109 (class 0 OID 18829)
-- Dependencies: 229
-- Data for Name: AspNetUserClaims; Type: TABLE DATA; Schema: public; Owner: postgres
--



--
-- TOC entry 5110 (class 0 OID 18843)
-- Dependencies: 230
-- Data for Name: AspNetUserLogins; Type: TABLE DATA; Schema: public; Owner: postgres
--

INSERT INTO public."AspNetUserLogins" VALUES ('Google', '106427328275305128616', 'Google', '3ea0128e-ab7f-4505-8c72-f19d33075f7e');


--
-- TOC entry 5114 (class 0 OID 18888)
-- Dependencies: 234
-- Data for Name: AspNetUserRoles; Type: TABLE DATA; Schema: public; Owner: postgres
--



--
-- TOC entry 5111 (class 0 OID 18858)
-- Dependencies: 231
-- Data for Name: AspNetUserTokens; Type: TABLE DATA; Schema: public; Owner: postgres
--



--
-- TOC entry 5100 (class 0 OID 18652)
-- Dependencies: 220
-- Data for Name: AspNetUsers; Type: TABLE DATA; Schema: public; Owner: postgres
--

INSERT INTO public."AspNetUsers" VALUES ('b407e32d-27a4-481c-a402-b07b54ea69c5', 'Professor2@gmail.com', 'AQAAAAIAAYagAAAAEHO6U274EmrnPRuD3Hnr9MAGrfy8dPNVb+zpvDfIYbfnCVtdLxw+9g3MBYu5FPhfAA==', 'Professor2', 'Professor2', 0, NULL, '18a9c7bb-9d35-443e-a27d-f252210d7e98', false, true, NULL, 'PROFESSOR2@GMAIL.COM', 'PROFESSOR2@GMAIL.COM', '6981059764', false, NULL, 'WQX65ICALXDOKNFUE7ZVXZDXFO4HC63Y', false, 'Professor2@gmail.com', NULL);
INSERT INTO public."AspNetUsers" VALUES ('e389779d-75fd-47f2-ab90-3016da983a51', 'Student2@gmail.com', 'AQAAAAIAAYagAAAAEAEhS+J6JQRv8LgohPLhCi6NZeSLCSbcZcLwM9tXY512KyeRSI9VqlbZZ4uuJgpxaA==', 'Student2', 'Student2', 0, NULL, '56f23719-464c-470c-9a2d-f5b2fd39dab3', false, true, NULL, 'STUDENT2@GMAIL.COM', 'STUDENT2@GMAIL.COM', '6981059764', false, NULL, 'K5YZQ6MRY7CVH4HP3RY62GEE6ZR46NM4', false, 'Student2@gmail.com', NULL);
INSERT INTO public."AspNetUsers" VALUES ('4aaca306-59c0-4435-b7e2-e11505fd6458', 'Professor3@gmail.com', 'AQAAAAIAAYagAAAAEK3DEH4E5jNjYAnxot5kkJzEEbaW42lc/A3zxUNPAOtlNSUmZB2AJFBEbZa6HA1NOg==', 'Professor', 'Professor', 0, NULL, '7ef5040f-ec95-4f7e-ad27-ecef90939e9a', false, true, NULL, 'PROFESSOR3@GMAIL.COM', 'PROFESSOR3@GMAIL.COM', '6981059764', false, NULL, 'ND5Q7ZNYW4YKYRH7LGNKC3JVVN2YC5OB', false, 'Professor3@gmail.com', '2372b658-ef83-4500-9292-5da6431d71a0.jpg');
INSERT INTO public."AspNetUsers" VALUES ('3599899f-60c9-4803-aa40-69396f57ad5d', 'Professor4@gmail.com', 'AQAAAAIAAYagAAAAEIS+gPQVVdrupaxUp4umu7R5v7RXrjJZS0ragWiczizW6uOExrNRdGWYCI1UuzNLXA==', 'Professor', 'Professor', 0, NULL, '0ec507ba-7bd1-41d0-a8e6-72158a6d3377', false, true, NULL, 'PROFESSOR4@GMAIL.COM', 'PROFESSOR4@GMAIL.COM', '6981059764', false, NULL, 'E2M6RBQSMWDVIDURPYZCFZHTPLHBBGVS', false, 'Professor4@gmail.com', '60f7d48c-5c1e-485e-89eb-e667f8240269.jpg');
INSERT INTO public."AspNetUsers" VALUES ('51df886e-e965-40e1-9ef3-e142c3812fd7', 'Student4@gmail.com', 'AQAAAAIAAYagAAAAEFf1bQM9gY1hirUFkywO879RZc9JNkdI8BNbqIX9Ta+vqCUunfnRUYa9nhXxXdrsJw==', 'Student', 'Student', 0, NULL, '431fe8f3-c366-45c2-9c2e-7505e87f5f05', false, true, NULL, 'STUDENT4@GMAIL.COM', 'STUDENT4@GMAIL.COM', '6981059764', false, NULL, 'DNPOXWXVCGXS3AQCCNXXPEAFOPFPJ6FG', false, 'Student4@gmail.com', NULL);
INSERT INTO public."AspNetUsers" VALUES ('944a5516-a990-4ddc-9711-53c2e7b310eb', 'Professor6@gmail.com', 'AQAAAAIAAYagAAAAEL/yosDZ/AfeKJJT6TWmS1APwlQNSpksCFIKxndF4saOIIazhDiY+wy/ypZUodbkdw==', 'Professor6', 'Professor6', 0, NULL, 'ef15d5f9-9770-4d05-8d07-e98391f6b348', false, true, NULL, 'PROFESSOR6@GMAIL.COM', 'PROFESSOR6@GMAIL.COM', '6986986986', false, NULL, 'I46JHTCZWNI5KZHOQR44M6SUVGC73JEF', false, 'Professor6@gmail.com', '65b72a2d-c551-453f-b6d3-c4b86922dcbb.jpg');
INSERT INTO public."AspNetUsers" VALUES ('85afbc39-20c1-47fc-83dc-907b9820e50c', 'Student1@gmail.com', 'AQAAAAIAAYagAAAAEC/+CKgmVZzAFPnU8SJ4hdLUa26NvGALXr9EElvXobWMO/BRAhZdgyTBvo0cpxySSw==', 'Student1', 'Student1', 0, NULL, 'd3e3bdd4-39cb-4a9f-ab58-53b73b3947f0', false, true, NULL, 'STUDENT1@GMAIL.COM', 'STUDENT1@GMAIL.COM', '6981059764', false, NULL, 'IBBYRRXS52S5KTUMA45AATISDCL3DJPD', false, 'Student1@gmail.com', '16579125-4e01-445f-b93b-354dd54d27fc.png');
INSERT INTO public."AspNetUsers" VALUES ('3ea0128e-ab7f-4505-8c72-f19d33075f7e', 'ouraniargy@gmail.com', 'AQAAAAIAAYagAAAAEMf7a9t0k6gHRaikjDAWUedqzYijbcqo5mt48pg2zUUMTBoVTX3BoDppyKRRTG1wlA==', 'Ourania', 'Argyra', 0, NULL, '8f154049-3aa7-4066-af35-6b129f66adb7', false, true, NULL, 'OURANIARGY@GMAIL.COM', 'OURANIARGY@GMAIL.COM', NULL, false, NULL, '56BSDVFJ4WVLYOSIU3HF66ST53HFJJRR', false, 'ouraniargy@gmail.com', '658b7c78-8349-47a3-b541-7371be2da3f9.png');
INSERT INTO public."AspNetUsers" VALUES ('39ce87f7-b775-4fcf-a159-5edb2133ff6a', 'Admin5@gmail.com', 'AQAAAAIAAYagAAAAEHhzdxKnKrgyahCrEPc0h245E+ZeMDEsQ4LXXGpRrknUYvs4GqAsqt7BBzU4ufyEPA==', 'Admin5', 'Admin5', 0, NULL, '006cb013-e5b5-472f-9817-22539422a7cb', false, true, NULL, 'ADMIN5@GMAIL.COM', 'ADMIN5@GMAIL.COM', '698699698', false, NULL, 'PPF43O5LBPLJUBA62A2OUSYWNPZ547GF', false, 'Admin5@gmail.com', '32034846-72c6-4814-964b-dcd37dab2e8f.jpg');
INSERT INTO public."AspNetUsers" VALUES ('282575ee-af84-462e-ab30-4fd62d2329c8', 'Admin6@gmail.com', 'AQAAAAIAAYagAAAAEAq7f2RbpGx2eFULVap8h06YqyL6vpgUJLLE6+PB2TX5oRK3ZD66D0A5TqphVhegCQ==', 'Admin6', 'Admin6', 0, NULL, '9859bf2b-fa3b-42c0-b9ea-b7f1c448525a', false, true, NULL, 'ADMIN6@GMAIL.COM', 'ADMIN6@GMAIL.COM', '4545454545', false, NULL, 'MQFBW6XKQ433G2RDKWLPYJJ5QNGOTCWE', false, 'Admin6@gmail.com', NULL);
INSERT INTO public."AspNetUsers" VALUES ('d3bde7b2-6a8a-4545-845f-0e70e332ba9e', 'Professor1@gmail.com', 'AQAAAAIAAYagAAAAEOUWNCfx0gGgSDHZiBNxd/pl7hpZ/HabT42Zwfy8o1/XKHrqJvNUVbyy9t5GpdrtoQ==', 'Professor12', 'Professor1', 0, NULL, 'ae1b993e-15d4-4fc0-889a-135752f1659c', false, true, NULL, 'PROFESSOR1@GMAIL.COM', 'PROFESSOR1@GMAIL.COM', '6981059764', false, NULL, 'ZRFQ4BEKMYUQ35EAY6TH5GAEY76JPU52', false, 'Professor1@gmail.com', '9836e541-2f18-4470-abfd-b47ef2c52551.png');
INSERT INTO public."AspNetUsers" VALUES ('4a4e76b7-0e9b-4ae8-90e3-da40eace41e9', 'Admin7@gmail.com', 'AQAAAAIAAYagAAAAEKj97OA1/fx9eDAEuw0mALIZ/JH5qf0Ij1sxBwdf4Har3ZWofHqA2UzhEpDZDByQhw==', 'Admin7', 'Admin7', 0, NULL, '4280d18e-3c7e-4629-bcc8-c71b6eecf088', false, true, NULL, 'ADMIN7@GMAIL.COM', 'ADMIN7@GMAIL.COM', '1234567890', false, NULL, 'NWYB5EO73C2JZSBRDWV5XDQTJVWBW4YD', false, 'Admin7@gmail.com', NULL);
INSERT INTO public."AspNetUsers" VALUES ('42fe4efb-291f-4742-ad12-03727e52ead2', 'Admin8@gmail.com', 'AQAAAAIAAYagAAAAEBjIy6T01gM6G21BDPkeyOPFKB2xkLSh5F0mrI7QkxbMYlOv9yC3Cd938lg55QADIg==', 'Admin8', 'Admin8', 0, NULL, '7d29fd32-4274-4b7c-ad73-2b3d83888b71', false, true, NULL, 'ADMIN8@GMAIL.COM', 'ADMIN8@GMAIL.COM', '1234123412', false, NULL, 'IMCCKTVUIKMBAX7HM4MI4CCG3VURDTMP', false, 'Admin8@gmail.com', NULL);


--
-- TOC entry 5106 (class 0 OID 18745)
-- Dependencies: 226
-- Data for Name: Bookings; Type: TABLE DATA; Schema: public; Owner: postgres
--

INSERT INTO public."Bookings" VALUES ('f0b8bd1a-8bbd-4fc4-8b14-a7bea1e4c24b', 'ce848bce-91e8-44cd-86af-179b8cb17d4b', '25b03f43-f7cb-4b3e-a428-0b07ffeede2a', '3c199067-94df-41e2-ac2b-081b5099d9ce', '2026-04-26 13:41:32.401118+03', false, 1);
INSERT INTO public."Bookings" VALUES ('aa4fe053-27de-4a76-8d47-f50467184ec6', 'ce848bce-91e8-44cd-86af-179b8cb17d4b', '25b03f43-f7cb-4b3e-a428-0b07ffeede2a', '8dafebd7-841a-4159-a475-a4ce35023e9a', '2026-04-26 13:41:36.117967+03', false, 1);
INSERT INTO public."Bookings" VALUES ('2adc7819-4f31-464b-a0fb-2180e9b27f47', 'ce848bce-91e8-44cd-86af-179b8cb17d4b', '25b03f43-f7cb-4b3e-a428-0b07ffeede2a', '270fa8d5-bffb-4dc5-a52b-adfb197827e4', '2026-04-26 13:41:38.784106+03', false, 1);
INSERT INTO public."Bookings" VALUES ('9cb98aa1-0f9d-41a4-bdbe-4da7d2ddeb63', 'ce848bce-91e8-44cd-86af-179b8cb17d4b', '25b03f43-f7cb-4b3e-a428-0b07ffeede2a', '0b7327ed-0759-43da-bd73-f132949c0e22', '2026-04-26 13:41:42.466171+03', false, 1);
INSERT INTO public."Bookings" VALUES ('547c73e8-3458-492c-9c59-e0dc65121fb6', 'ce848bce-91e8-44cd-86af-179b8cb17d4b', '25b03f43-f7cb-4b3e-a428-0b07ffeede2a', '25181ef2-438c-4153-bb51-7fca26f58530', '2026-04-26 13:41:48.932264+03', false, 1);
INSERT INTO public."Bookings" VALUES ('4d9495cf-99a9-45ce-8e3c-b65f08d395ae', 'ce848bce-91e8-44cd-86af-179b8cb17d4b', '25b03f43-f7cb-4b3e-a428-0b07ffeede2a', '564a4602-b093-40c6-a61c-569d8f8dd53d', '2026-04-26 13:41:52.762267+03', false, 1);
INSERT INTO public."Bookings" VALUES ('0dd419b2-278a-4db1-a68b-0495db61fc9a', 'ce848bce-91e8-44cd-86af-179b8cb17d4b', '25b03f43-f7cb-4b3e-a428-0b07ffeede2a', '7b729bd2-fc8e-4d18-bef7-72de6f377ab0', '2026-04-26 13:41:29.737129+03', true, 1);
INSERT INTO public."Bookings" VALUES ('c00e8f84-7f51-4e8c-82f6-71b1454b1322', 'ce848bce-91e8-44cd-86af-179b8cb17d4b', '25b03f43-f7cb-4b3e-a428-0b07ffeede2a', '2d4f3d73-385e-4efa-9428-f4cacec4d7b5', '2026-04-26 13:41:45.708304+03', true, 1);
INSERT INTO public."Bookings" VALUES ('57977e2e-a253-4234-afaa-8b9862452353', 'ce848bce-91e8-44cd-86af-179b8cb17d4b', '25b03f43-f7cb-4b3e-a428-0b07ffeede2a', 'd0d7ad22-2fa8-41b0-a75f-c22c05b116e9', '2026-04-26 13:41:26.964434+03', true, 1);


--
-- TOC entry 5116 (class 0 OID 18940)
-- Dependencies: 236
-- Data for Name: EntryLogs; Type: TABLE DATA; Schema: public; Owner: postgres
--

INSERT INTO public."EntryLogs" VALUES ('22f3ca37-5900-4eb3-a103-36bcb4802d6a', '85afbc39-20c1-47fc-83dc-907b9820e50c', '0dd419b2-278a-4db1-a68b-0495db61fc9a', '2026-04-26 13:42:09.665443+03');
INSERT INTO public."EntryLogs" VALUES ('3a76ca2f-f919-44d9-9a3c-cbfd603474f5', '85afbc39-20c1-47fc-83dc-907b9820e50c', 'c00e8f84-7f51-4e8c-82f6-71b1454b1322', '2026-04-26 13:42:33.895651+03');
INSERT INTO public."EntryLogs" VALUES ('39fd1135-174c-4c45-b839-4b089f243e69', '85afbc39-20c1-47fc-83dc-907b9820e50c', '57977e2e-a253-4234-afaa-8b9862452353', '2026-04-26 13:43:09.615684+03');


--
-- TOC entry 5104 (class 0 OID 18703)
-- Dependencies: 224
-- Data for Name: Lessons; Type: TABLE DATA; Schema: public; Owner: postgres
--

INSERT INTO public."Lessons" VALUES ('1f9ef017-3b00-460f-a116-e15ef34a20ee', 'b7eeb957-341f-44f3-83df-3d5dad9193c6', '33333333-3333-3333-3333-333333333333', 60, 30, 'Lesson B', 'Lesson B', '/uploads/b46b243a-c8cc-4a64-bedd-93948f192bb5.jpg');
INSERT INTO public."Lessons" VALUES ('244ac1e5-fff8-4248-a1b2-d27be11e395c', 'c436fad6-aea0-4528-ba5e-dfa45e9a75ee', '22222222-2222-2222-2222-222222222222', 60, 30, 'Lesson A', 'Lesson A', '/uploads/cf9571db-515a-4037-a07b-a5bd324ba224.jpg');
INSERT INTO public."Lessons" VALUES ('cdc77920-2e7b-4b70-9eba-69feac916409', 'c436fad6-aea0-4528-ba5e-dfa45e9a75ee', '33333333-3333-3333-3333-333333333333', 60, 30, 'Lesson For Beginners', 'Lesson For Beginners', NULL);
INSERT INTO public."Lessons" VALUES ('08a14812-e168-4ac4-8ed9-8a382caaa427', 'c55faf85-2cbf-4155-8641-2c383cb427e1', '22222222-2222-2222-2222-222222222222', 60, 40, 'Lesson A', 'Lesson A', '/uploads/ad4d5dda-f01e-4dab-9571-27a67e6e1490.png');
INSERT INTO public."Lessons" VALUES ('a8918e86-274b-4a47-b76d-a76c31d50704', 'c436fad6-aea0-4528-ba5e-dfa45e9a75ee', '55555555-5555-5555-5555-555555555555', 60, 70, 'Lesson For Beginners', 'Lesson For Beginners', '/uploads/02016035-cc3c-48f0-af98-7b66a41f3378.jpg');
INSERT INTO public."Lessons" VALUES ('098b30e1-7a4a-451d-9a36-bc5fb4d56ccf', 'c436fad6-aea0-4528-ba5e-dfa45e9a75ee', '22222222-2222-2222-2222-222222222222', 60, 30, 'Lesson For Intermediates', 'Lesson For Intermediates', '/uploads/36bd9ee7-2151-4ed2-97b6-24402bb51502.png');
INSERT INTO public."Lessons" VALUES ('5c296acd-d5a3-4b53-a064-21e5a6c03a83', 'c436fad6-aea0-4528-ba5e-dfa45e9a75ee', '55555555-5555-5555-5555-555555555555', 60, 80, 'Lesson C', 'Lesson C', '/uploads/1d6b32c9-7803-44ae-8bf2-8adc4a4798ec.jpg');
INSERT INTO public."Lessons" VALUES ('ce848bce-91e8-44cd-86af-179b8cb17d4b', 'c436fad6-aea0-4528-ba5e-dfa45e9a75ee', '11111111-1111-1111-1111-111111111111', 80, 80, 'Lesson A', 'Lesson A', '/uploads/135e5f98-d1a8-4c27-887e-c2bd6fad20fb.png');
INSERT INTO public."Lessons" VALUES ('31721a9c-b0ea-4abd-a9d3-ef667b799864', 'd1d84768-fbc2-4336-be50-84b3ee6409db', '55555555-5555-5555-5555-555555555555', 60, 30, 'Lesson A', 'Lesson A', '/uploads/0dbd50e4-abd0-465b-8586-d1079d9518d4.jpg');


--
-- TOC entry 5103 (class 0 OID 18688)
-- Dependencies: 223
-- Data for Name: Levels; Type: TABLE DATA; Schema: public; Owner: postgres
--

INSERT INTO public."Levels" VALUES ('55555555-5555-5555-5555-555555555555', 'C1', 'Advanced', 70.0, NULL);
INSERT INTO public."Levels" VALUES ('66666666-6666-6666-6666-666666666666', 'C2', 'Proficiency', 75.0, NULL);
INSERT INTO public."Levels" VALUES ('11111111-1111-1111-1111-111111111111', 'A11', 'Beginner', 503, NULL);
INSERT INTO public."Levels" VALUES ('8959c2c5-f9bc-4c08-9348-9004ae379db4', 'Level A1 Intermediate', 'Level A1 Intermediate', 70, NULL);
INSERT INTO public."Levels" VALUES ('22222222-2222-2222-2222-222222222222', 'A2', 'Elementary', 78, NULL);
INSERT INTO public."Levels" VALUES ('33333333-3333-3333-3333-333333333333', 'B1', 'Intermediate', 80, NULL);
INSERT INTO public."Levels" VALUES ('44444444-4444-4444-4444-444444444444', 'B2', 'Upper Intermediate', 100, NULL);


--
-- TOC entry 5105 (class 0 OID 18723)
-- Dependencies: 225
-- Data for Name: ProfessorAvailabilities; Type: TABLE DATA; Schema: public; Owner: postgres
--

INSERT INTO public."ProfessorAvailabilities" VALUES ('c28810c0-6bb8-4245-8da9-202ef8df702d', 'c436fad6-aea0-4528-ba5e-dfa45e9a75ee', 'ce848bce-91e8-44cd-86af-179b8cb17d4b', '2026-04-26 13:40:50.586+03', '2026-04-30 02:00:00+03', '2026-04-30 03:00:00+03', 0);
INSERT INTO public."ProfessorAvailabilities" VALUES ('01e8b2d3-32c1-43f7-8f8a-80d89a4234a1', 'c436fad6-aea0-4528-ba5e-dfa45e9a75ee', 'ce848bce-91e8-44cd-86af-179b8cb17d4b', '2026-04-26 13:40:52.301+03', '2026-04-30 06:00:00+03', '2026-04-30 07:30:00+03', 0);
INSERT INTO public."ProfessorAvailabilities" VALUES ('d524896d-78bc-4d79-b3a7-df0a4d2e3076', 'c436fad6-aea0-4528-ba5e-dfa45e9a75ee', 'ce848bce-91e8-44cd-86af-179b8cb17d4b', '2026-04-26 13:40:57.329+03', '2026-04-29 17:00:00+03', '2026-04-29 17:30:00+03', 0);
INSERT INTO public."ProfessorAvailabilities" VALUES ('26a65fe6-c504-4ea6-90d1-ee89e6d5bd2d', 'c436fad6-aea0-4528-ba5e-dfa45e9a75ee', 'ce848bce-91e8-44cd-86af-179b8cb17d4b', '2026-04-26 13:40:58.413+03', '2026-05-01 20:00:00+03', '2026-05-01 20:30:00+03', 0);
INSERT INTO public."ProfessorAvailabilities" VALUES ('2d34aa04-0e48-40fd-85e6-2ea5cf379f3c', 'c436fad6-aea0-4528-ba5e-dfa45e9a75ee', 'ce848bce-91e8-44cd-86af-179b8cb17d4b', '2026-04-26 13:40:59.681+03', '2026-04-30 22:00:00+03', '2026-04-30 22:30:00+03', 0);
INSERT INTO public."ProfessorAvailabilities" VALUES ('237a9956-5566-4da5-a191-7459959a8176', 'c436fad6-aea0-4528-ba5e-dfa45e9a75ee', 'ce848bce-91e8-44cd-86af-179b8cb17d4b', '2026-04-26 13:41:01.272+03', '2026-05-02 17:30:00+03', '2026-05-02 18:00:00+03', 0);
INSERT INTO public."ProfessorAvailabilities" VALUES ('6870a654-a125-4087-adf7-13d29705bdfc', 'c436fad6-aea0-4528-ba5e-dfa45e9a75ee', 'ce848bce-91e8-44cd-86af-179b8cb17d4b', '2026-04-26 13:41:05.968+03', '2026-05-02 07:30:00+03', '2026-05-02 08:00:00+03', 0);
INSERT INTO public."ProfessorAvailabilities" VALUES ('1226aaf0-e8bf-41a7-a2dc-064606e57560', 'c436fad6-aea0-4528-ba5e-dfa45e9a75ee', 'ce848bce-91e8-44cd-86af-179b8cb17d4b', '2026-04-26 13:41:09.529+03', '2026-05-02 05:00:00+03', '2026-05-02 05:30:00+03', 0);
INSERT INTO public."ProfessorAvailabilities" VALUES ('3b219b86-3d0d-4054-96e6-30f33a4a6109', 'c436fad6-aea0-4528-ba5e-dfa45e9a75ee', 'ce848bce-91e8-44cd-86af-179b8cb17d4b', '2026-04-26 13:41:13.286+03', '2026-04-26 19:30:00+03', '2026-04-26 20:00:00+03', 0);
INSERT INTO public."ProfessorAvailabilities" VALUES ('d877d895-f733-4672-b672-dd2572cfa9f0', 'c436fad6-aea0-4528-ba5e-dfa45e9a75ee', 'ce848bce-91e8-44cd-86af-179b8cb17d4b', '2026-04-26 13:41:14.599+03', '2026-05-01 13:30:00+03', '2026-05-01 14:00:00+03', 0);
INSERT INTO public."ProfessorAvailabilities" VALUES ('d0d7ad22-2fa8-41b0-a75f-c22c05b116e9', 'c436fad6-aea0-4528-ba5e-dfa45e9a75ee', 'ce848bce-91e8-44cd-86af-179b8cb17d4b', '2026-04-26 13:40:48.318+03', '2026-04-28 01:00:00+03', '2026-04-28 02:00:00+03', 1);
INSERT INTO public."ProfessorAvailabilities" VALUES ('7b729bd2-fc8e-4d18-bef7-72de6f377ab0', 'c436fad6-aea0-4528-ba5e-dfa45e9a75ee', 'ce848bce-91e8-44cd-86af-179b8cb17d4b', '2026-04-26 13:41:08.158+03', '2026-04-27 06:00:00+03', '2026-04-27 06:30:00+03', 1);
INSERT INTO public."ProfessorAvailabilities" VALUES ('3c199067-94df-41e2-ac2b-081b5099d9ce', 'c436fad6-aea0-4528-ba5e-dfa45e9a75ee', 'ce848bce-91e8-44cd-86af-179b8cb17d4b', '2026-04-26 13:40:55.993+03', '2026-04-29 04:00:00+03', '2026-04-29 04:30:00+03', 1);
INSERT INTO public."ProfessorAvailabilities" VALUES ('8dafebd7-841a-4159-a475-a4ce35023e9a', 'c436fad6-aea0-4528-ba5e-dfa45e9a75ee', 'ce848bce-91e8-44cd-86af-179b8cb17d4b', '2026-04-26 13:40:53.515+03', '2026-04-28 07:30:00+03', '2026-04-28 09:00:00+03', 1);
INSERT INTO public."ProfessorAvailabilities" VALUES ('270fa8d5-bffb-4dc5-a52b-adfb197827e4', 'c436fad6-aea0-4528-ba5e-dfa45e9a75ee', 'ce848bce-91e8-44cd-86af-179b8cb17d4b', '2026-04-26 13:40:54.674+03', '2026-05-01 03:30:00+03', '2026-05-01 05:30:00+03', 1);
INSERT INTO public."ProfessorAvailabilities" VALUES ('0b7327ed-0759-43da-bd73-f132949c0e22', 'c436fad6-aea0-4528-ba5e-dfa45e9a75ee', 'ce848bce-91e8-44cd-86af-179b8cb17d4b', '2026-04-26 13:41:15.551+03', '2026-04-29 11:30:00+03', '2026-04-29 12:00:00+03', 1);
INSERT INTO public."ProfessorAvailabilities" VALUES ('2d4f3d73-385e-4efa-9428-f4cacec4d7b5', 'c436fad6-aea0-4528-ba5e-dfa45e9a75ee', 'ce848bce-91e8-44cd-86af-179b8cb17d4b', '2026-04-26 13:41:07.141+03', '2026-04-27 11:30:00+03', '2026-04-27 12:00:00+03', 1);
INSERT INTO public."ProfessorAvailabilities" VALUES ('25181ef2-438c-4153-bb51-7fca26f58530', 'c436fad6-aea0-4528-ba5e-dfa45e9a75ee', 'ce848bce-91e8-44cd-86af-179b8cb17d4b', '2026-04-26 13:41:04.655+03', '2026-04-30 10:00:00+03', '2026-04-30 11:00:00+03', 1);
INSERT INTO public."ProfessorAvailabilities" VALUES ('564a4602-b093-40c6-a61c-569d8f8dd53d', 'c436fad6-aea0-4528-ba5e-dfa45e9a75ee', 'ce848bce-91e8-44cd-86af-179b8cb17d4b', '2026-04-26 13:41:02.834+03', '2026-04-29 18:30:00+03', '2026-04-29 20:00:00+03', 1);
INSERT INTO public."ProfessorAvailabilities" VALUES ('24b5368e-2f67-4748-b310-e8589b636773', 'b7eeb957-341f-44f3-83df-3d5dad9193c6', '1f9ef017-3b00-460f-a116-e15ef34a20ee', '2026-04-26 13:55:08.208+03', '2026-04-30 01:30:00+03', '2026-04-30 02:00:00+03', 0);
INSERT INTO public."ProfessorAvailabilities" VALUES ('74662a65-b24c-45e2-a5d5-e81d776f343f', 'b7eeb957-341f-44f3-83df-3d5dad9193c6', '1f9ef017-3b00-460f-a116-e15ef34a20ee', '2026-04-26 13:55:36.245+03', '2026-04-29 03:30:00+03', '2026-04-29 04:00:00+03', 0);
INSERT INTO public."ProfessorAvailabilities" VALUES ('3770eb13-418d-4a6c-a858-d8970896045b', 'b7eeb957-341f-44f3-83df-3d5dad9193c6', '1f9ef017-3b00-460f-a116-e15ef34a20ee', '2026-04-26 13:43:35.632+03', '2026-04-30 04:30:00+03', '2026-04-30 05:00:00+03', 0);
INSERT INTO public."ProfessorAvailabilities" VALUES ('555e3ab7-c491-4859-b4e5-6b14684b9568', 'b7eeb957-341f-44f3-83df-3d5dad9193c6', '1f9ef017-3b00-460f-a116-e15ef34a20ee', '2026-04-26 13:43:36.608+03', '2026-04-29 07:30:00+03', '2026-04-29 08:00:00+03', 0);
INSERT INTO public."ProfessorAvailabilities" VALUES ('81a39cb1-f890-4c4b-a6a4-411fcae60ab2', 'b7eeb957-341f-44f3-83df-3d5dad9193c6', '1f9ef017-3b00-460f-a116-e15ef34a20ee', '2026-04-26 13:43:37.534+03', '2026-05-01 07:30:00+03', '2026-05-01 08:00:00+03', 0);
INSERT INTO public."ProfessorAvailabilities" VALUES ('8536cc5b-8a18-41fd-aef1-56c9202a4190', 'b7eeb957-341f-44f3-83df-3d5dad9193c6', '1f9ef017-3b00-460f-a116-e15ef34a20ee', '2026-04-26 13:43:41.253+03', '2026-04-30 03:00:00+03', '2026-04-30 03:30:00+03', 0);
INSERT INTO public."ProfessorAvailabilities" VALUES ('e225ff11-1b4d-429e-b6fd-259c6bf51537', 'b7eeb957-341f-44f3-83df-3d5dad9193c6', '1f9ef017-3b00-460f-a116-e15ef34a20ee', '2026-04-26 13:56:10.525+03', '2026-04-29 02:00:00+03', '2026-04-29 02:30:00+03', 0);
INSERT INTO public."ProfessorAvailabilities" VALUES ('90c25b02-98a1-4d32-95d5-0ea6f32793f4', 'c436fad6-aea0-4528-ba5e-dfa45e9a75ee', 'cdc77920-2e7b-4b70-9eba-69feac916409', '2026-04-26 13:36:39.891+03', '2026-04-28 22:00:00+03', '2026-04-28 22:30:00+03', 0);
INSERT INTO public."ProfessorAvailabilities" VALUES ('7f13457e-2dfc-4707-bb43-c18ed5434d16', 'b7eeb957-341f-44f3-83df-3d5dad9193c6', '1f9ef017-3b00-460f-a116-e15ef34a20ee', '2026-04-26 13:57:17.057+03', '2026-04-27 05:30:00+03', '2026-04-27 06:00:00+03', 0);
INSERT INTO public."ProfessorAvailabilities" VALUES ('4e38b5af-295a-411c-95b8-a5e4a51343ac', 'c436fad6-aea0-4528-ba5e-dfa45e9a75ee', 'cdc77920-2e7b-4b70-9eba-69feac916409', '2026-04-26 13:36:50.796+03', '2026-04-28 16:00:00+03', '2026-04-28 16:30:00+03', 0);
INSERT INTO public."ProfessorAvailabilities" VALUES ('150a1987-3e22-4369-9a5c-7cdc4f0f0b9a', 'c436fad6-aea0-4528-ba5e-dfa45e9a75ee', 'cdc77920-2e7b-4b70-9eba-69feac916409', '2026-04-26 13:36:52.466+03', '2026-04-30 13:30:00+03', '2026-04-30 14:00:00+03', 0);
INSERT INTO public."ProfessorAvailabilities" VALUES ('f81dec44-b5e6-48c7-a3cb-ee20f4f4fb79', 'c436fad6-aea0-4528-ba5e-dfa45e9a75ee', 'cdc77920-2e7b-4b70-9eba-69feac916409', '2026-04-26 13:36:53.466+03', '2026-05-01 12:00:00+03', '2026-05-01 12:30:00+03', 0);
INSERT INTO public."ProfessorAvailabilities" VALUES ('d5154fda-bd2b-4f26-8a3d-e5b4d390c8fc', 'c436fad6-aea0-4528-ba5e-dfa45e9a75ee', 'cdc77920-2e7b-4b70-9eba-69feac916409', '2026-04-26 13:36:54.588+03', '2026-05-01 16:30:00+03', '2026-05-01 17:00:00+03', 0);
INSERT INTO public."ProfessorAvailabilities" VALUES ('8f08a9fc-e792-4339-a127-b03a988e4ef0', 'c436fad6-aea0-4528-ba5e-dfa45e9a75ee', 'cdc77920-2e7b-4b70-9eba-69feac916409', '2026-04-26 13:36:56.143+03', '2026-05-02 12:30:00+03', '2026-05-02 13:00:00+03', 0);
INSERT INTO public."ProfessorAvailabilities" VALUES ('33b5915b-1940-468d-9a1d-1f68e471565f', 'c436fad6-aea0-4528-ba5e-dfa45e9a75ee', 'cdc77920-2e7b-4b70-9eba-69feac916409', '2026-04-26 13:36:57.156+03', '2026-04-30 15:30:00+03', '2026-04-30 16:00:00+03', 0);
INSERT INTO public."ProfessorAvailabilities" VALUES ('a6d87cac-2888-421e-a7a9-c767a77d3876', 'c436fad6-aea0-4528-ba5e-dfa45e9a75ee', 'cdc77920-2e7b-4b70-9eba-69feac916409', '2026-04-26 13:36:59.359+03', '2026-05-01 15:00:00+03', '2026-05-01 16:00:00+03', 0);


--
-- TOC entry 5101 (class 0 OID 18664)
-- Dependencies: 221
-- Data for Name: Professors; Type: TABLE DATA; Schema: public; Owner: postgres
--

INSERT INTO public."Professors" VALUES ('c436fad6-aea0-4528-ba5e-dfa45e9a75ee', 'd3bde7b2-6a8a-4545-845f-0e70e332ba9e');
INSERT INTO public."Professors" VALUES ('b7eeb957-341f-44f3-83df-3d5dad9193c6', 'b407e32d-27a4-481c-a402-b07b54ea69c5');
INSERT INTO public."Professors" VALUES ('aecb21a4-bab5-47d4-a335-a26323d178bb', '4aaca306-59c0-4435-b7e2-e11505fd6458');
INSERT INTO public."Professors" VALUES ('663685c0-8894-4862-a884-80051c030020', '3599899f-60c9-4803-aa40-69396f57ad5d');
INSERT INTO public."Professors" VALUES ('c55faf85-2cbf-4155-8641-2c383cb427e1', '944a5516-a990-4ddc-9711-53c2e7b310eb');
INSERT INTO public."Professors" VALUES ('d1d84768-fbc2-4336-be50-84b3ee6409db', '3ea0128e-ab7f-4505-8c72-f19d33075f7e');


--
-- TOC entry 5102 (class 0 OID 18676)
-- Dependencies: 222
-- Data for Name: Students; Type: TABLE DATA; Schema: public; Owner: postgres
--

INSERT INTO public."Students" VALUES ('25b03f43-f7cb-4b3e-a428-0b07ffeede2a', '85afbc39-20c1-47fc-83dc-907b9820e50c');
INSERT INTO public."Students" VALUES ('4dc71e0e-7446-4d14-a5a5-a1cf6ff139ff', 'e389779d-75fd-47f2-ab90-3016da983a51');
INSERT INTO public."Students" VALUES ('09cddbef-2c4f-41f5-8983-a4843c3afaf9', '51df886e-e965-40e1-9ef3-e142c3812fd7');
INSERT INTO public."Students" VALUES ('b816f865-ee8e-4a9e-b55e-21f535bf2667', '4a4e76b7-0e9b-4ae8-90e3-da40eace41e9');


--
-- TOC entry 5099 (class 0 OID 18645)
-- Dependencies: 219
-- Data for Name: __EFMigrationsHistory; Type: TABLE DATA; Schema: public; Owner: postgres
--

INSERT INTO public."__EFMigrationsHistory" VALUES ('20260203174821_InitialCreate', '8.0.0');
INSERT INTO public."__EFMigrationsHistory" VALUES ('20260215122016_AddedExtraPropertiesInModels', '8.0.0');
INSERT INTO public."__EFMigrationsHistory" VALUES ('20260215213232_AddedBookedSeatsInAvailability', '8.0.0');
INSERT INTO public."__EFMigrationsHistory" VALUES ('20260215220205_FixedProfessorAvailability', '8.0.0');
INSERT INTO public."__EFMigrationsHistory" VALUES ('20260221203909_UpdatedBookingFormViewModel', '8.0.0');
INSERT INTO public."__EFMigrationsHistory" VALUES ('20260223122303_AddedDesciptionInLessonModel', '8.0.0');
INSERT INTO public."__EFMigrationsHistory" VALUES ('20260223171606_AddedBookingDetailsModel', '8.0.0');
INSERT INTO public."__EFMigrationsHistory" VALUES ('20260228181335_AddedLoginWithGoogleAuth', '8.0.0');
INSERT INTO public."__EFMigrationsHistory" VALUES ('20260301152722_AddedGetUserModel', '8.0.0');
INSERT INTO public."__EFMigrationsHistory" VALUES ('20260305195704_AddedPhotoAndPhoneForUser', '8.0.0');
INSERT INTO public."__EFMigrationsHistory" VALUES ('20260305200219_RemovedUsername', '8.0.0');
INSERT INTO public."__EFMigrationsHistory" VALUES ('20260305201101_AddedUsername', '8.0.0');
INSERT INTO public."__EFMigrationsHistory" VALUES ('20260305201624_RemovalUsername', '8.0.0');
INSERT INTO public."__EFMigrationsHistory" VALUES ('20260307125435_AddedUsedInBooking', '8.0.0');
INSERT INTO public."__EFMigrationsHistory" VALUES ('20260402193233_AddedLessonPhoto', '8.0.0');
INSERT INTO public."__EFMigrationsHistory" VALUES ('20260405112312_AddedAdminModel', '8.0.0');
INSERT INTO public."__EFMigrationsHistory" VALUES ('20260414114505_AddedSeatNumberInBooking', '8.0.0');
INSERT INTO public."__EFMigrationsHistory" VALUES ('20260418205816_AddedEntryLogModel', '8.0.0');
INSERT INTO public."__EFMigrationsHistory" VALUES ('20260425195813_RemovedMaxSeatsFromAvailabilities', '8.0.0');


--
-- TOC entry 5123 (class 0 OID 0)
-- Dependencies: 232
-- Name: AspNetRoleClaims_Id_seq; Type: SEQUENCE SET; Schema: public; Owner: postgres
--

SELECT pg_catalog.setval('public."AspNetRoleClaims_Id_seq"', 1, false);


--
-- TOC entry 5124 (class 0 OID 0)
-- Dependencies: 228
-- Name: AspNetUserClaims_Id_seq; Type: SEQUENCE SET; Schema: public; Owner: postgres
--

SELECT pg_catalog.setval('public."AspNetUserClaims_Id_seq"', 1, false);


--
-- TOC entry 4928 (class 2606 OID 18930)
-- Name: Admins PK_Admins; Type: CONSTRAINT; Schema: public; Owner: postgres
--

ALTER TABLE ONLY public."Admins"
    ADD CONSTRAINT "PK_Admins" PRIMARY KEY ("Id");


--
-- TOC entry 4922 (class 2606 OID 18882)
-- Name: AspNetRoleClaims PK_AspNetRoleClaims; Type: CONSTRAINT; Schema: public; Owner: postgres
--

ALTER TABLE ONLY public."AspNetRoleClaims"
    ADD CONSTRAINT "PK_AspNetRoleClaims" PRIMARY KEY ("Id");


--
-- TOC entry 4910 (class 2606 OID 18827)
-- Name: AspNetRoles PK_AspNetRoles; Type: CONSTRAINT; Schema: public; Owner: postgres
--

ALTER TABLE ONLY public."AspNetRoles"
    ADD CONSTRAINT "PK_AspNetRoles" PRIMARY KEY ("Id");


--
-- TOC entry 4914 (class 2606 OID 18837)
-- Name: AspNetUserClaims PK_AspNetUserClaims; Type: CONSTRAINT; Schema: public; Owner: postgres
--

ALTER TABLE ONLY public."AspNetUserClaims"
    ADD CONSTRAINT "PK_AspNetUserClaims" PRIMARY KEY ("Id");


--
-- TOC entry 4917 (class 2606 OID 18852)
-- Name: AspNetUserLogins PK_AspNetUserLogins; Type: CONSTRAINT; Schema: public; Owner: postgres
--

ALTER TABLE ONLY public."AspNetUserLogins"
    ADD CONSTRAINT "PK_AspNetUserLogins" PRIMARY KEY ("LoginProvider", "ProviderKey");


--
-- TOC entry 4925 (class 2606 OID 18894)
-- Name: AspNetUserRoles PK_AspNetUserRoles; Type: CONSTRAINT; Schema: public; Owner: postgres
--

ALTER TABLE ONLY public."AspNetUserRoles"
    ADD CONSTRAINT "PK_AspNetUserRoles" PRIMARY KEY ("UserId", "RoleId");


--
-- TOC entry 4919 (class 2606 OID 18867)
-- Name: AspNetUserTokens PK_AspNetUserTokens; Type: CONSTRAINT; Schema: public; Owner: postgres
--

ALTER TABLE ONLY public."AspNetUserTokens"
    ADD CONSTRAINT "PK_AspNetUserTokens" PRIMARY KEY ("UserId", "LoginProvider", "Name");


--
-- TOC entry 4885 (class 2606 OID 18819)
-- Name: AspNetUsers PK_AspNetUsers; Type: CONSTRAINT; Schema: public; Owner: postgres
--

ALTER TABLE ONLY public."AspNetUsers"
    ADD CONSTRAINT "PK_AspNetUsers" PRIMARY KEY ("Id");


--
-- TOC entry 4908 (class 2606 OID 18754)
-- Name: Bookings PK_Bookings; Type: CONSTRAINT; Schema: public; Owner: postgres
--

ALTER TABLE ONLY public."Bookings"
    ADD CONSTRAINT "PK_Bookings" PRIMARY KEY ("Id");


--
-- TOC entry 4932 (class 2606 OID 18948)
-- Name: EntryLogs PK_EntryLogs; Type: CONSTRAINT; Schema: public; Owner: postgres
--

ALTER TABLE ONLY public."EntryLogs"
    ADD CONSTRAINT "PK_EntryLogs" PRIMARY KEY ("Id");


--
-- TOC entry 4899 (class 2606 OID 18712)
-- Name: Lessons PK_Lessons; Type: CONSTRAINT; Schema: public; Owner: postgres
--

ALTER TABLE ONLY public."Lessons"
    ADD CONSTRAINT "PK_Lessons" PRIMARY KEY ("Id");


--
-- TOC entry 4895 (class 2606 OID 18697)
-- Name: Levels PK_Levels; Type: CONSTRAINT; Schema: public; Owner: postgres
--

ALTER TABLE ONLY public."Levels"
    ADD CONSTRAINT "PK_Levels" PRIMARY KEY ("Id");


--
-- TOC entry 4903 (class 2606 OID 18734)
-- Name: ProfessorAvailabilities PK_ProfessorAvailabilities; Type: CONSTRAINT; Schema: public; Owner: postgres
--

ALTER TABLE ONLY public."ProfessorAvailabilities"
    ADD CONSTRAINT "PK_ProfessorAvailabilities" PRIMARY KEY ("Id");


--
-- TOC entry 4889 (class 2606 OID 18670)
-- Name: Professors PK_Professors; Type: CONSTRAINT; Schema: public; Owner: postgres
--

ALTER TABLE ONLY public."Professors"
    ADD CONSTRAINT "PK_Professors" PRIMARY KEY ("Id");


--
-- TOC entry 4892 (class 2606 OID 18682)
-- Name: Students PK_Students; Type: CONSTRAINT; Schema: public; Owner: postgres
--

ALTER TABLE ONLY public."Students"
    ADD CONSTRAINT "PK_Students" PRIMARY KEY ("Id");


--
-- TOC entry 4881 (class 2606 OID 18651)
-- Name: __EFMigrationsHistory PK___EFMigrationsHistory; Type: CONSTRAINT; Schema: public; Owner: postgres
--

ALTER TABLE ONLY public."__EFMigrationsHistory"
    ADD CONSTRAINT "PK___EFMigrationsHistory" PRIMARY KEY ("MigrationId");


--
-- TOC entry 4882 (class 1259 OID 18905)
-- Name: EmailIndex; Type: INDEX; Schema: public; Owner: postgres
--

CREATE INDEX "EmailIndex" ON public."AspNetUsers" USING btree ("NormalizedEmail");


--
-- TOC entry 4926 (class 1259 OID 18936)
-- Name: IX_Admins_UserId; Type: INDEX; Schema: public; Owner: postgres
--

CREATE INDEX "IX_Admins_UserId" ON public."Admins" USING btree ("UserId");


--
-- TOC entry 4920 (class 1259 OID 18907)
-- Name: IX_AspNetRoleClaims_RoleId; Type: INDEX; Schema: public; Owner: postgres
--

CREATE INDEX "IX_AspNetRoleClaims_RoleId" ON public."AspNetRoleClaims" USING btree ("RoleId");


--
-- TOC entry 4912 (class 1259 OID 18909)
-- Name: IX_AspNetUserClaims_UserId; Type: INDEX; Schema: public; Owner: postgres
--

CREATE INDEX "IX_AspNetUserClaims_UserId" ON public."AspNetUserClaims" USING btree ("UserId");


--
-- TOC entry 4915 (class 1259 OID 18910)
-- Name: IX_AspNetUserLogins_UserId; Type: INDEX; Schema: public; Owner: postgres
--

CREATE INDEX "IX_AspNetUserLogins_UserId" ON public."AspNetUserLogins" USING btree ("UserId");


--
-- TOC entry 4923 (class 1259 OID 18911)
-- Name: IX_AspNetUserRoles_RoleId; Type: INDEX; Schema: public; Owner: postgres
--

CREATE INDEX "IX_AspNetUserRoles_RoleId" ON public."AspNetUserRoles" USING btree ("RoleId");


--
-- TOC entry 4883 (class 1259 OID 18800)
-- Name: IX_AspNetUsers_Email; Type: INDEX; Schema: public; Owner: postgres
--

CREATE UNIQUE INDEX "IX_AspNetUsers_Email" ON public."AspNetUsers" USING btree ("Email");


--
-- TOC entry 4904 (class 1259 OID 18776)
-- Name: IX_Bookings_AvailabilityId; Type: INDEX; Schema: public; Owner: postgres
--

CREATE INDEX "IX_Bookings_AvailabilityId" ON public."Bookings" USING btree ("AvailabilityId");


--
-- TOC entry 4905 (class 1259 OID 18777)
-- Name: IX_Bookings_LessonId; Type: INDEX; Schema: public; Owner: postgres
--

CREATE INDEX "IX_Bookings_LessonId" ON public."Bookings" USING btree ("LessonId");


--
-- TOC entry 4906 (class 1259 OID 18779)
-- Name: IX_Bookings_StudentId; Type: INDEX; Schema: public; Owner: postgres
--

CREATE INDEX "IX_Bookings_StudentId" ON public."Bookings" USING btree ("StudentId");


--
-- TOC entry 4929 (class 1259 OID 18949)
-- Name: IX_EntryLogs_BookingId; Type: INDEX; Schema: public; Owner: postgres
--

CREATE INDEX "IX_EntryLogs_BookingId" ON public."EntryLogs" USING btree ("BookingId");


--
-- TOC entry 4930 (class 1259 OID 18950)
-- Name: IX_EntryLogs_UserId; Type: INDEX; Schema: public; Owner: postgres
--

CREATE INDEX "IX_EntryLogs_UserId" ON public."EntryLogs" USING btree ("UserId");


--
-- TOC entry 4896 (class 1259 OID 18780)
-- Name: IX_Lessons_LevelId; Type: INDEX; Schema: public; Owner: postgres
--

CREATE INDEX "IX_Lessons_LevelId" ON public."Lessons" USING btree ("LevelId");


--
-- TOC entry 4897 (class 1259 OID 18781)
-- Name: IX_Lessons_ProfessorId; Type: INDEX; Schema: public; Owner: postgres
--

CREATE INDEX "IX_Lessons_ProfessorId" ON public."Lessons" USING btree ("ProfessorId");


--
-- TOC entry 4893 (class 1259 OID 18782)
-- Name: IX_Levels_ProfessorId; Type: INDEX; Schema: public; Owner: postgres
--

CREATE INDEX "IX_Levels_ProfessorId" ON public."Levels" USING btree ("ProfessorId");


--
-- TOC entry 4900 (class 1259 OID 18783)
-- Name: IX_ProfessorAvailabilities_LessonId; Type: INDEX; Schema: public; Owner: postgres
--

CREATE INDEX "IX_ProfessorAvailabilities_LessonId" ON public."ProfessorAvailabilities" USING btree ("LessonId");


--
-- TOC entry 4901 (class 1259 OID 18784)
-- Name: IX_ProfessorAvailabilities_ProfessorId; Type: INDEX; Schema: public; Owner: postgres
--

CREATE INDEX "IX_ProfessorAvailabilities_ProfessorId" ON public."ProfessorAvailabilities" USING btree ("ProfessorId");


--
-- TOC entry 4887 (class 1259 OID 18785)
-- Name: IX_Professors_UserId; Type: INDEX; Schema: public; Owner: postgres
--

CREATE UNIQUE INDEX "IX_Professors_UserId" ON public."Professors" USING btree ("UserId");


--
-- TOC entry 4890 (class 1259 OID 18786)
-- Name: IX_Students_UserId; Type: INDEX; Schema: public; Owner: postgres
--

CREATE UNIQUE INDEX "IX_Students_UserId" ON public."Students" USING btree ("UserId");


--
-- TOC entry 4911 (class 1259 OID 18908)
-- Name: RoleNameIndex; Type: INDEX; Schema: public; Owner: postgres
--

CREATE UNIQUE INDEX "RoleNameIndex" ON public."AspNetRoles" USING btree ("NormalizedName");


--
-- TOC entry 4886 (class 1259 OID 18906)
-- Name: UserNameIndex; Type: INDEX; Schema: public; Owner: postgres
--

CREATE UNIQUE INDEX "UserNameIndex" ON public."AspNetUsers" USING btree ("NormalizedUserName");


--
-- TOC entry 4949 (class 2606 OID 18931)
-- Name: Admins FK_Admins_AspNetUsers_UserId; Type: FK CONSTRAINT; Schema: public; Owner: postgres
--

ALTER TABLE ONLY public."Admins"
    ADD CONSTRAINT "FK_Admins_AspNetUsers_UserId" FOREIGN KEY ("UserId") REFERENCES public."AspNetUsers"("Id") ON DELETE CASCADE;


--
-- TOC entry 4946 (class 2606 OID 18883)
-- Name: AspNetRoleClaims FK_AspNetRoleClaims_AspNetRoles_RoleId; Type: FK CONSTRAINT; Schema: public; Owner: postgres
--

ALTER TABLE ONLY public."AspNetRoleClaims"
    ADD CONSTRAINT "FK_AspNetRoleClaims_AspNetRoles_RoleId" FOREIGN KEY ("RoleId") REFERENCES public."AspNetRoles"("Id") ON DELETE CASCADE;


--
-- TOC entry 4943 (class 2606 OID 18838)
-- Name: AspNetUserClaims FK_AspNetUserClaims_AspNetUsers_UserId; Type: FK CONSTRAINT; Schema: public; Owner: postgres
--

ALTER TABLE ONLY public."AspNetUserClaims"
    ADD CONSTRAINT "FK_AspNetUserClaims_AspNetUsers_UserId" FOREIGN KEY ("UserId") REFERENCES public."AspNetUsers"("Id") ON DELETE CASCADE;


--
-- TOC entry 4944 (class 2606 OID 18853)
-- Name: AspNetUserLogins FK_AspNetUserLogins_AspNetUsers_UserId; Type: FK CONSTRAINT; Schema: public; Owner: postgres
--

ALTER TABLE ONLY public."AspNetUserLogins"
    ADD CONSTRAINT "FK_AspNetUserLogins_AspNetUsers_UserId" FOREIGN KEY ("UserId") REFERENCES public."AspNetUsers"("Id") ON DELETE CASCADE;


--
-- TOC entry 4947 (class 2606 OID 18895)
-- Name: AspNetUserRoles FK_AspNetUserRoles_AspNetRoles_RoleId; Type: FK CONSTRAINT; Schema: public; Owner: postgres
--

ALTER TABLE ONLY public."AspNetUserRoles"
    ADD CONSTRAINT "FK_AspNetUserRoles_AspNetRoles_RoleId" FOREIGN KEY ("RoleId") REFERENCES public."AspNetRoles"("Id") ON DELETE CASCADE;


--
-- TOC entry 4948 (class 2606 OID 18900)
-- Name: AspNetUserRoles FK_AspNetUserRoles_AspNetUsers_UserId; Type: FK CONSTRAINT; Schema: public; Owner: postgres
--

ALTER TABLE ONLY public."AspNetUserRoles"
    ADD CONSTRAINT "FK_AspNetUserRoles_AspNetUsers_UserId" FOREIGN KEY ("UserId") REFERENCES public."AspNetUsers"("Id") ON DELETE CASCADE;


--
-- TOC entry 4945 (class 2606 OID 18868)
-- Name: AspNetUserTokens FK_AspNetUserTokens_AspNetUsers_UserId; Type: FK CONSTRAINT; Schema: public; Owner: postgres
--

ALTER TABLE ONLY public."AspNetUserTokens"
    ADD CONSTRAINT "FK_AspNetUserTokens_AspNetUsers_UserId" FOREIGN KEY ("UserId") REFERENCES public."AspNetUsers"("Id") ON DELETE CASCADE;


--
-- TOC entry 4940 (class 2606 OID 18755)
-- Name: Bookings FK_Bookings_Lessons_LessonId; Type: FK CONSTRAINT; Schema: public; Owner: postgres
--

ALTER TABLE ONLY public."Bookings"
    ADD CONSTRAINT "FK_Bookings_Lessons_LessonId" FOREIGN KEY ("LessonId") REFERENCES public."Lessons"("Id") ON DELETE CASCADE;


--
-- TOC entry 4941 (class 2606 OID 18793)
-- Name: Bookings FK_Bookings_ProfessorAvailabilities_AvailabilityId; Type: FK CONSTRAINT; Schema: public; Owner: postgres
--

ALTER TABLE ONLY public."Bookings"
    ADD CONSTRAINT "FK_Bookings_ProfessorAvailabilities_AvailabilityId" FOREIGN KEY ("AvailabilityId") REFERENCES public."ProfessorAvailabilities"("Id") ON DELETE CASCADE;


--
-- TOC entry 4942 (class 2606 OID 18770)
-- Name: Bookings FK_Bookings_Students_StudentId; Type: FK CONSTRAINT; Schema: public; Owner: postgres
--

ALTER TABLE ONLY public."Bookings"
    ADD CONSTRAINT "FK_Bookings_Students_StudentId" FOREIGN KEY ("StudentId") REFERENCES public."Students"("Id") ON DELETE CASCADE;


--
-- TOC entry 4950 (class 2606 OID 18951)
-- Name: EntryLogs FK_EntryLogs_AspNetUsers_UserId; Type: FK CONSTRAINT; Schema: public; Owner: postgres
--

ALTER TABLE ONLY public."EntryLogs"
    ADD CONSTRAINT "FK_EntryLogs_AspNetUsers_UserId" FOREIGN KEY ("UserId") REFERENCES public."AspNetUsers"("Id") ON DELETE CASCADE;


--
-- TOC entry 4951 (class 2606 OID 18956)
-- Name: EntryLogs FK_EntryLogs_Bookings_BookingId; Type: FK CONSTRAINT; Schema: public; Owner: postgres
--

ALTER TABLE ONLY public."EntryLogs"
    ADD CONSTRAINT "FK_EntryLogs_Bookings_BookingId" FOREIGN KEY ("BookingId") REFERENCES public."Bookings"("Id") ON DELETE CASCADE;


--
-- TOC entry 4936 (class 2606 OID 18713)
-- Name: Lessons FK_Lessons_Levels_LevelId; Type: FK CONSTRAINT; Schema: public; Owner: postgres
--

ALTER TABLE ONLY public."Lessons"
    ADD CONSTRAINT "FK_Lessons_Levels_LevelId" FOREIGN KEY ("LevelId") REFERENCES public."Levels"("Id") ON DELETE CASCADE;


--
-- TOC entry 4937 (class 2606 OID 18718)
-- Name: Lessons FK_Lessons_Professors_ProfessorId; Type: FK CONSTRAINT; Schema: public; Owner: postgres
--

ALTER TABLE ONLY public."Lessons"
    ADD CONSTRAINT "FK_Lessons_Professors_ProfessorId" FOREIGN KEY ("ProfessorId") REFERENCES public."Professors"("Id") ON DELETE CASCADE;


--
-- TOC entry 4935 (class 2606 OID 18698)
-- Name: Levels FK_Levels_Professors_ProfessorId; Type: FK CONSTRAINT; Schema: public; Owner: postgres
--

ALTER TABLE ONLY public."Levels"
    ADD CONSTRAINT "FK_Levels_Professors_ProfessorId" FOREIGN KEY ("ProfessorId") REFERENCES public."Professors"("Id");


--
-- TOC entry 4938 (class 2606 OID 18735)
-- Name: ProfessorAvailabilities FK_ProfessorAvailabilities_Lessons_LessonId; Type: FK CONSTRAINT; Schema: public; Owner: postgres
--

ALTER TABLE ONLY public."ProfessorAvailabilities"
    ADD CONSTRAINT "FK_ProfessorAvailabilities_Lessons_LessonId" FOREIGN KEY ("LessonId") REFERENCES public."Lessons"("Id") ON DELETE CASCADE;


--
-- TOC entry 4939 (class 2606 OID 18740)
-- Name: ProfessorAvailabilities FK_ProfessorAvailabilities_Professors_ProfessorId; Type: FK CONSTRAINT; Schema: public; Owner: postgres
--

ALTER TABLE ONLY public."ProfessorAvailabilities"
    ADD CONSTRAINT "FK_ProfessorAvailabilities_Professors_ProfessorId" FOREIGN KEY ("ProfessorId") REFERENCES public."Professors"("Id") ON DELETE CASCADE;


--
-- TOC entry 4933 (class 2606 OID 18912)
-- Name: Professors FK_Professors_AspNetUsers_UserId; Type: FK CONSTRAINT; Schema: public; Owner: postgres
--

ALTER TABLE ONLY public."Professors"
    ADD CONSTRAINT "FK_Professors_AspNetUsers_UserId" FOREIGN KEY ("UserId") REFERENCES public."AspNetUsers"("Id") ON DELETE CASCADE;


--
-- TOC entry 4934 (class 2606 OID 18917)
-- Name: Students FK_Students_AspNetUsers_UserId; Type: FK CONSTRAINT; Schema: public; Owner: postgres
--

ALTER TABLE ONLY public."Students"
    ADD CONSTRAINT "FK_Students_AspNetUsers_UserId" FOREIGN KEY ("UserId") REFERENCES public."AspNetUsers"("Id") ON DELETE CASCADE;


-- Completed on 2026-04-26 14:49:19

--
-- PostgreSQL database dump complete
--

\unrestrict Dak2gYY5RM7vlLcnlfaoaM9oXIL0fQMyFQzAUbWOEF6OlVTNyXPdhLq8JeEawpl

